documentID,customerID,documentTYPE,documentFILE
70569584,90782215,ADHAAR,ADHAAR.pdf
76376001,388356492,"DRIVERS LICENSE",LICENSE.pdf
156049708,932408227,PASSPORT,PASSPORT.pdf
215577639,961052048,"DRIVERS LICENSE",LICENSE.pdf
287816176,116191425,"DRIVERS LICENSE",LICENSE.pdf
301184690,354939442,PASSPORT,PASSPORT.pdf
394995376,551381916,ADHAAR,ADHAAR.pdf
423371347,267399509,PASSPORT,PASSPORT.pdf
506510034,875786246,"DRIVERS LICENSE",LICENSE.pdf
536491429,735904573,"DRIVERS LICENSE",LICENSE.pdf
550130896,375309723,"DRIVERS LICENSE",LICENSE.pdf
619716487,411714692,ADHAAR,ADHAAR.pdf
679467157,162640020,"DRIVERS LICENSE",LICENSE.pdf
706422163,652656413,ADHAAR,ADHAAR.pdf
748768955,313710773,PAN,PAN.pdf
750573996,580426017,PAN,PAN.pdf
773889078,124945914,ADHAAR,ADHAAR.pdf
883851121,59015346,ADHAAR,ADHAAR.pdf
1011446308,591862463,PASSPORT,PASSPORT.pdf
1042855615,216172446,ADHAAR,ADHAAR.pdf
1230552715,593163104,"DRIVERS LICENSE",LICENSE.pdf
1252727070,453689644,PASSPORT,PASSPORT.pdf
1287819176,414312680,PAN,PAN.pdf
1332306543,681066175,"DRIVERS LICENSE",LICENSE.pdf
1397077913,332055134,PASSPORT,PASSPORT.pdf
1402056060,288620387,"DRIVERS LICENSE",LICENSE.pdf
1522476075,757519947,ADHAAR,ADHAAR.pdf
1546951458,752559249,PAN,PAN.pdf
1687857490,441574417,"DRIVERS LICENSE",LICENSE.pdf
2018541080,612216849,PASSPORT,PASSPORT.pdf
2037992386,220157882,PAN,PAN.pdf
2053966726,5884137,ADHAAR,ADHAAR.pdf
2080452061,204467387,PASSPORT,PASSPORT.pdf
2116824575,444674670,"DRIVERS LICENSE",LICENSE.pdf
2129936946,974254291,"DRIVERS LICENSE",LICENSE.pdf
2188185366,39530215,"DRIVERS LICENSE",LICENSE.pdf
2212303432,919825484,PASSPORT,PASSPORT.pdf
2219116360,569316931,"DRIVERS LICENSE",LICENSE.pdf
2228685674,303861344,ADHAAR,ADHAAR.pdf
2294005120,623063135,"DRIVERS LICENSE",LICENSE.pdf
2337601609,834068702,"DRIVERS LICENSE",LICENSE.pdf
2390145515,697634647,PAN,PAN.pdf
2484321120,527622624,PAN,PAN.pdf
2514199085,876705240,ADHAAR,ADHAAR.pdf
2640418661,916164482,PASSPORT,PASSPORT.pdf
2657881149,970357068,ADHAAR,ADHAAR.pdf
2661589333,327033438,"DRIVERS LICENSE",LICENSE.pdf
2675817090,766859631,ADHAAR,ADHAAR.pdf
2719680486,984462204,"DRIVERS LICENSE",LICENSE.pdf
2767937866,970023589,PASSPORT,PASSPORT.pdf
2870697341,218870261,PAN,PAN.pdf
2921895870,957871636,ADHAAR,ADHAAR.pdf
2922496929,857144718,"DRIVERS LICENSE",LICENSE.pdf
3050525363,796021465,ADHAAR,ADHAAR.pdf
3141779473,957767223,ADHAAR,ADHAAR.pdf
3158310503,804618742,ADHAAR,ADHAAR.pdf
3170420003,320105046,ADHAAR,ADHAAR.pdf
3176128193,21754036,PASSPORT,PASSPORT.pdf
3182846337,419748781,ADHAAR,ADHAAR.pdf
3202233998,25124140,"DRIVERS LICENSE",LICENSE.pdf
3244947255,551943710,ADHAAR,ADHAAR.pdf
3313551130,943857178,PASSPORT,PASSPORT.pdf
3403321991,221261457,PAN,PAN.pdf
3462053639,867525651,ADHAAR,ADHAAR.pdf
3476431150,185577855,PASSPORT,PASSPORT.pdf
3547312906,499741338,PASSPORT,PASSPORT.pdf
3637259974,297441991,ADHAAR,ADHAAR.pdf
3709840732,678681320,PAN,PAN.pdf
3749739099,535221306,"DRIVERS LICENSE",LICENSE.pdf
3842205880,368811877,"DRIVERS LICENSE",LICENSE.pdf
3923298285,89348078,ADHAAR,ADHAAR.pdf
3929645505,206832885,PASSPORT,PASSPORT.pdf
4048047523,116133175,ADHAAR,ADHAAR.pdf
4050068753,251231823,PASSPORT,PASSPORT.pdf
4190312134,110047830,ADHAAR,ADHAAR.pdf
4210342424,312767090,"DRIVERS LICENSE",LICENSE.pdf
4231489785,681964363,ADHAAR,ADHAAR.pdf
4298277631,16981624,PAN,PAN.pdf
4361892490,814093424,PASSPORT,PASSPORT.pdf
4371970990,591161477,PASSPORT,PASSPORT.pdf
4375745711,513651612,"DRIVERS LICENSE",LICENSE.pdf
4490616902,859212709,ADHAAR,ADHAAR.pdf
4562036982,20250230,PASSPORT,PASSPORT.pdf
4703767449,316892925,ADHAAR,ADHAAR.pdf
4757570260,769300780,PAN,PAN.pdf
4783706786,685430769,ADHAAR,ADHAAR.pdf
4844092855,267768553,PASSPORT,PASSPORT.pdf
4871292169,133570122,PAN,PAN.pdf
4880462039,594050079,PAN,PAN.pdf
4883687511,554114379,PAN,Doralia
4900589012,146957605,ADHAAR,ADHAAR.pdf
4915771393,37396226,PAN,PAN.pdf
5008316001,470085575,PASSPORT,PASSPORT.pdf
5020729914,131897004,PASSPORT,PASSPORT.pdf
5023409473,789355218,ADHAAR,ADHAAR.pdf
5127738228,854120410,PAN,PAN.pdf
5183595550,77188736,PAN,PAN.pdf
5228124403,911802004,ADHAAR,ADHAAR.pdf
5297064805,597824745,ADHAAR,ADHAAR.pdf
5356645287,799786860,ADHAAR,ADHAAR.pdf
5370710570,655485573,"DRIVERS LICENSE",LICENSE.pdf
5387568225,317497312,ADHAAR,ADHAAR.pdf
5433886352,391893808,PASSPORT,PASSPORT.pdf
5509745509,366639485,PASSPORT,PASSPORT.pdf
5542560814,958122821,PAN,PAN.pdf
5600446357,365034469,PAN,PAN.pdf
5825375287,283362848,ADHAAR,ADHAAR.pdf
5845749069,55542607,"DRIVERS LICENSE",LICENSE.pdf
5925060318,776603909,PAN,PAN.pdf
6108350369,317428399,"DRIVERS LICENSE",LICENSE.pdf
6110771031,774720311,PAN,PAN.pdf
6141699642,687441877,PAN,PAN.pdf
6221898714,506865194,"DRIVERS LICENSE",LICENSE.pdf
6229238691,432961322,PASSPORT,PASSPORT.pdf
6251016914,991861651,PAN,PAN.pdf
6254352575,627416580,PAN,PAN.pdf
6275228849,373287970,ADHAAR,ADHAAR.pdf
6303683193,300509342,"DRIVERS LICENSE",LICENSE.pdf
6332175060,386811289,ADHAAR,ADHAAR.pdf
6369514683,656423466,PASSPORT,PASSPORT.pdf
6563231918,762526741,"DRIVERS LICENSE",LICENSE.pdf
6623039783,276000695,"DRIVERS LICENSE",LICENSE.pdf
6637839655,373239549,"DRIVERS LICENSE",LICENSE.pdf
6695546576,99989334,"DRIVERS LICENSE",LICENSE.pdf
6810425012,910633806,"DRIVERS LICENSE",LICENSE.pdf
6836512745,761326351,"DRIVERS LICENSE",LICENSE.pdf
6868758731,258179105,PAN,PAN.pdf
6916493224,876158955,PASSPORT,PASSPORT.pdf
6959674085,169007177,"DRIVERS LICENSE",LICENSE.pdf
6971224841,603260161,PAN,PAN.pdf
6972263212,437259463,PAN,PAN.pdf
6975914117,836010933,"DRIVERS LICENSE",LICENSE.pdf
6988073361,930103895,PASSPORT,PASSPORT.pdf
7010106649,110624578,PAN,PAN.pdf
7170274302,992196121,PAN,PAN.pdf
7177034412,305853608,PAN,PAN.pdf
7244132735,786522159,PAN,PAN.pdf
7282498253,287978556,PASSPORT,PASSPORT.pdf
7282573719,220640785,"DRIVERS LICENSE",LICENSE.pdf
7448208020,836683513,PASSPORT,PASSPORT.pdf
7471573775,366583591,"DRIVERS LICENSE",LICENSE.pdf
7521858239,348090161,PAN,PAN.pdf
7557492145,892816804,"DRIVERS LICENSE",LICENSE.pdf
7601103188,525269537,PAN,PAN.pdf
7602186028,461566653,PASSPORT,PASSPORT.pdf
7606981914,679893053,"DRIVERS LICENSE",LICENSE.pdf
7643204330,563811148,PASSPORT,Reginald
7672173715,523302001,ADHAAR,ADHAAR.pdf
7721543843,153463800,"DRIVERS LICENSE",LICENSE.pdf
7765800981,548351198,ADHAAR,ADHAAR.pdf
7777426737,154714505,ADHAAR,ADHAAR.pdf
7807923776,361238626,ADHAAR,ADHAAR.pdf
7846289500,525814395,ADHAAR,ADHAAR.pdf
7851145554,413990796,ADHAAR,ADHAAR.pdf
7869914495,476969453,PASSPORT,PASSPORT.pdf
7875376629,187939704,ADHAAR,ADHAAR.pdf
7983657870,389518412,PAN,PAN.pdf
8039607868,442486382,"DRIVERS LICENSE",LICENSE.pdf
8062432394,735203057,"DRIVERS LICENSE",LICENSE.pdf
8157752671,807939761,ADHAAR,ADHAAR.pdf
8174072365,901380833,ADHAAR,ADHAAR.pdf
8230654999,102893427,ADHAAR,ADHAAR.pdf
8270046264,782080197,"DRIVERS LICENSE",LICENSE.pdf
8297359468,80656987,"DRIVERS LICENSE",LICENSE.pdf
8311217270,736465031,ADHAAR,ADHAAR.pdf
8414708250,983457633,PAN,PAN.pdf
8456489069,67597894,PAN,PAN.pdf
8481193208,739869787,PAN,PAN.pdf
8489618704,223716446,"DRIVERS LICENSE",LICENSE.pdf
8578249593,72180064,PASSPORT,PASSPORT.pdf
8590443787,541763991,"DRIVERS LICENSE",LICENSE.pdf
8619220705,205267438,"DRIVERS LICENSE",LICENSE.pdf
8643082872,447681856,PAN,PAN.pdf
8705159903,9164615,PASSPORT,PASSPORT.pdf
8708173982,56716857,PAN,PAN.pdf
8728926455,783774214,PASSPORT,PASSPORT.pdf
8801273185,961468053,"DRIVERS LICENSE",LICENSE.pdf
8852505237,670438333,PASSPORT,PASSPORT.pdf
8899128219,674648032,PASSPORT,PASSPORT.pdf
8935498211,118345743,ADHAAR,ADHAAR.pdf
8952959558,859463181,"DRIVERS LICENSE",LICENSE.pdf
8961911481,590585789,"DRIVERS LICENSE",LICENSE.pdf
8981018839,273253231,PAN,PAN.pdf
8981442444,680789873,PASSPORT,PASSPORT.pdf
8999693910,578825969,ADHAAR,ADHAAR.pdf
9040892806,59781295,PAN,PAN.pdf
9125713043,397305434,PAN,PAN.pdf
9280866451,417462616,PAN,PAN.pdf
9347666629,665185391,ADHAAR,ADHAAR.pdf
9435963331,468604918,ADHAAR,ADHAAR.pdf
9439874953,779833358,"DRIVERS LICENSE",LICENSE.pdf
9475429794,163695324,ADHAAR,ADHAAR.pdf
9502934474,267361156,PAN,PAN.pdf
9607160606,579422186,"DRIVERS LICENSE",LICENSE.pdf
9640301043,865637706,"DRIVERS LICENSE",LICENSE.pdf
9739973507,135640892,"DRIVERS LICENSE",LICENSE.pdf
9950656249,209971561,PAN,PAN.pdf
9979292946,441019013,"DRIVERS LICENSE",LICENSE.pdf
9991508570,946078883,"DRIVERS LICENSE",LICENSE.pdf
